Title,Year,Runtime,Genre,Actors,Plot,Language,Poster,imdbRating,imdbID
The Shawshank Redemption,1994,142 min,Drama,"Tim Robbins, Morgan Freeman, Bob Gunton","Two imprisoned men bond over a number of years, finding solace and eventual redemption through acts of common decency.",English,https://m.media-amazon.com/images/M/MV5BMDFkYTc0MGEtZmNhMC00ZDIzLWFmNTEtODM1ZmRlYWMwMWFmXkEyXkFqcGdeQXVyMTMxODk2OTU@._V1_SX300.jpg,9.3,tt0111161
The Godfather,1972,175 min,"Crime, Drama","Marlon Brando, Al Pacino, James Caan",The aging patriarch of an organized crime dynasty in postwar New York City transfers control of his clandestine empire to his reluctant youngest son.,"English, Italian, Latin",https://m.media-amazon.com/images/M/MV5BM2MyNjYxNmUtYTAwNi00MTYxLWJmNWYtYzZlODY3ZTk3OTFlXkEyXkFqcGdeQXVyNzkwMjQ5NzM@._V1_SX300.jpg,9.2,tt0068646
The Dark Knight,2008,152 min,"Action, Crime, Drama","Christian Bale, Heath Ledger, Aaron Eckhart","When the menace known as the Joker wreaks havoc and chaos on the people of Gotham, Batman must accept one of the greatest psychological and physical tests of his ability to fight injustice.","English, Mandarin",https://m.media-amazon.com/images/M/MV5BMTMxNTMwODM0NF5BMl5BanBnXkFtZTcwODAyMTk2Mw@@._V1_SX300.jpg,9.1,tt0468569
The Godfather: Part II,1974,202 min,"Crime, Drama","Al Pacino, Robert De Niro, Robert Duvall","The early life and career of Vito Corleone in 1920s New York City is portrayed, while his son, Michael, expands and tightens his grip on the family crime syndicate.","English, Italian, Spanish, Latin, Sicilian",https://m.media-amazon.com/images/M/MV5BMWMwMGQzZTItY2JlNC00OWZiLWIyMDctNDk2ZDQ2YjRjMWQ0XkEyXkFqcGdeQXVyNzkwMjQ5NzM@._V1_SX300.jpg,9.0,tt0071562
12 Angry Men,1957,96 min,"Crime, Drama","Henry Fonda, Lee J. Cobb, Martin Balsam",The jury in a New York City murder trial is frustrated by a single member whose skeptical caution forces them to more carefully consider the evidence before jumping to a hasty verdict.,English,https://m.media-amazon.com/images/M/MV5BMWU4N2FjNzYtNTVkNC00NzQ0LTg0MjAtYTJlMjFhNGUxZDFmXkEyXkFqcGdeQXVyNjc1NTYyMjg@._V1_SX300.jpg,9.0,tt0050083
Schindler's List,1993,195 min,"Biography, Drama, History","Liam Neeson, Ralph Fiennes, Ben Kingsley","In German-occupied Poland during World War II, industrialist Oskar Schindler gradually becomes concerned for his Jewish workforce after witnessing their persecution by the Nazis.","English, Hebrew, German, Polish, Latin",https://m.media-amazon.com/images/M/MV5BNDE4OTMxMTctNmRhYy00NWE2LTg3YzItYTk3M2UwOTU5Njg4XkEyXkFqcGdeQXVyNjU0OTQ0OTY@._V1_SX300.jpg,8.9,tt0108052
The Lord of the Rings: The Return of the King,2003,201 min,"Action, Adventure, Drama","Elijah Wood, Viggo Mortensen, Ian McKellen",Gandalf and Aragorn lead the World of Men against Sauron's army to draw his gaze from Frodo and Sam as they approach Mount Doom with the One Ring.,"English, Quenya, Old English, Sindarin",https://m.media-amazon.com/images/M/MV5BNzA5ZDNlZWMtM2NhNS00NDJjLTk4NDItYTRmY2EwMWZlMTY3XkEyXkFqcGdeQXVyNzkwMjQ5NzM@._V1_SX300.jpg,9.0,tt0167260
Pulp Fiction,1994,154 min,"Crime, Drama","John Travolta, Uma Thurman, Samuel L. Jackson","The lives of two mob hitmen, a boxer, a gangster and his wife, and a pair of diner bandits intertwine in four tales of violence and redemption.","English, Spanish, French",https://m.media-amazon.com/images/M/MV5BNGNhMDIzZTUtNTBlZi00MTRlLWFjM2ItYzViMjE3YzI5MjljXkEyXkFqcGdeQXVyNzkwMjQ5NzM@._V1_SX300.jpg,8.9,tt0110912
The Lord of the Rings: The Fellowship of the Ring,2001,178 min,"Action, Adventure, Drama","Elijah Wood, Ian McKellen, Orlando Bloom",A meek Hobbit from the Shire and eight companions set out on a journey to destroy the powerful One Ring and save Middle-earth from the Dark Lord Sauron.,"English, Sindarin",https://m.media-amazon.com/images/M/MV5BN2EyZjM3NzUtNWUzMi00MTgxLWI0NTctMzY4M2VlOTdjZWRiXkEyXkFqcGdeQXVyNDUzOTQ5MjY@._V1_SX300.jpg,8.8,tt0120737
"The Good, the Bad and the Ugly",1966,178 min,"Adventure, Western","Clint Eastwood, Eli Wallach, Lee Van Cleef",A bounty hunting scam joins two men in an uneasy alliance against a third in a race to find a fortune in gold buried in a remote cemetery.,Italian,https://m.media-amazon.com/images/M/MV5BNjJlYmNkZGItM2NhYy00MjlmLTk5NmQtNjg1NmM2ODU4OTMwXkEyXkFqcGdeQXVyMjUzOTY1NTc@._V1_SX300.jpg,8.8,tt0060196
Forrest Gump,1994,142 min,"Drama, Romance","Tom Hanks, Robin Wright, Gary Sinise","The presidencies of Kennedy and Johnson, the Vietnam War, the Watergate scandal and other historical events unfold from the perspective of an Alabama man with an IQ of 75, whose only desire is to be reunited with his childhood sweeth",English,https://m.media-amazon.com/images/M/MV5BNWIwODRlZTUtY2U3ZS00Yzg1LWJhNzYtMmZiYmEyNmU1NjMzXkEyXkFqcGdeQXVyMTQxNzMzNDI@._V1_SX300.jpg,8.8,tt0109830
Fight Club,1999,139 min,Drama,"Brad Pitt, Edward Norton, Meat Loaf",An insomniac office worker and a devil-may-care soap maker form an underground fight club that evolves into much more.,English,https://m.media-amazon.com/images/M/MV5BNDIzNDU0YzEtYzE5Ni00ZjlkLTk5ZjgtNjM3NWE4YzA3Nzk3XkEyXkFqcGdeQXVyMjUzOTY1NTc@._V1_SX300.jpg,8.8,tt0137523
Inception,2010,148 min,"Action, Adventure, Sci-Fi","Leonardo DiCaprio, Joseph Gordon-Levitt, Elliot Page","A thief who steals corporate secrets through the use of dream-sharing technology is given the inverse task of planting an idea into the mind of a C.E.O., but his tragic past may doom the project and his team to disaster.","English, Japanese, French",https://m.media-amazon.com/images/M/MV5BMjAxMzY3NjcxNF5BMl5BanBnXkFtZTcwNTI5OTM0Mw@@._V1_SX300.jpg,8.8,tt1375666
The Lord of the Rings: The Two Towers,2002,179 min,"Action, Adventure, Drama","Elijah Wood, Ian McKellen, Viggo Mortensen","While Frodo and Sam edge closer to Mordor with the help of the shifty Gollum, the divided fellowship makes a stand against Sauron's new ally, Saruman, and his hordes of Isengard.","English, Sindarin, Old English",https://m.media-amazon.com/images/M/MV5BZGMxZTdjZmYtMmE2Ni00ZTdkLWI5NTgtNjlmMjBiNzU2MmI5XkEyXkFqcGdeQXVyNjU0OTQ0OTY@._V1_SX300.jpg,8.7,tt0167261
Star Wars: Episode V - The Empire Strikes Back,1980,124 min,"Action, Adventure, Fantasy","Mark Hamill, Harrison Ford, Carrie Fisher","After the Rebels are brutally overpowered by the Empire on the ice planet Hoth, Luke Skywalker begins Jedi training with Yoda, while his friends are pursued across the galaxy by Darth Vader and bounty hunter Boba Fett.",English,https://m.media-amazon.com/images/M/MV5BYmU1NDRjNDgtMzhiMi00NjZmLTg5NGItZDNiZjU5NTU4OTE0XkEyXkFqcGdeQXVyNzkwMjQ5NzM@._V1_SX300.jpg,8.7,tt0080684
The Matrix,1999,136 min,"Action, Sci-Fi","Keanu Reeves, Laurence Fishburne, Carrie-Anne Moss","When a beautiful stranger leads computer hacker Neo to a forbidding underworld, he discovers the shocking truth--the life he knows is the elaborate deception of an evil cyber-intelligence.",English,https://m.media-amazon.com/images/M/MV5BNzQzOTk3OTAtNDQ0Zi00ZTVkLWI0MTEtMDllZjNkYzNjNTc4L2ltYWdlXkEyXkFqcGdeQXVyNjU0OTQ0OTY@._V1_SX300.jpg,8.7,tt0133093
Goodfellas,1990,145 min,"Biography, Crime, Drama","Robert De Niro, Ray Liotta, Joe Pesci","The story of Henry Hill and his life in the mob, covering his relationship with his wife Karen Hill and his mob partners Jimmy Conway and Tommy DeVito in the Italian-American crime syndicate.","English, Italian",https://m.media-amazon.com/images/M/MV5BY2NkZjEzMDgtN2RjYy00YzM1LWI4ZmQtMjIwYjFjNmI3ZGEwXkEyXkFqcGdeQXVyNzkwMjQ5NzM@._V1_SX300.jpg,8.7,tt0099685
One Flew Over the Cuckoo's Nest,1975,133 min,Drama,"Jack Nicholson, Louise Fletcher, Michael Berryman","A criminal pleads insanity and is admitted to a mental institution, where he rebels against the oppressive nurse and rallies up the scared patients.",English,https://m.media-amazon.com/images/M/MV5BZjA0OWVhOTAtYWQxNi00YzNhLWI4ZjYtNjFjZTEyYjJlNDVlL2ltYWdlL2ltYWdlXkEyXkFqcGdeQXVyMTQxNzMzNDI@._V1_SX300.jpg,8.7,tt0073486
Se7en,1995,127 min,"Crime, Drama, Mystery","Morgan Freeman, Brad Pitt, Kevin Spacey","Two detectives, a rookie and a veteran, hunt a serial killer who uses the seven deadly sins as his motives.",English,https://m.media-amazon.com/images/M/MV5BOTUwODM5MTctZjczMi00OTk4LTg3NWUtNmVhMTAzNTNjYjcyXkEyXkFqcGdeQXVyNjU0OTQ0OTY@._V1_SX300.jpg,8.6,tt0114369
Seven Samurai,1954,207 min,"Action, Drama","Toshirô Mifune, Takashi Shimura, Keiko Tsushima",A poor village under attack by bandits recruits seven unemployed samurai to help them defend themselves.,Japanese,https://m.media-amazon.com/images/M/MV5BOWE4ZDdhNmMtNzE5ZC00NzExLTlhNGMtY2ZhYjYzODEzODA1XkEyXkFqcGdeQXVyNTAyODkwOQ@@._V1_SX300.jpg,8.6,tt0047478
It's a Wonderful Life,1946,130 min,"Drama, Family, Fantasy","James Stewart, Donna Reed, Lionel Barrymore",An angel is sent from Heaven to help a desperately frustrated businessman by showing him what life would have been like if he had never existed.,"English, French",https://m.media-amazon.com/images/M/MV5BZjc4NDZhZWMtNGEzYS00ZWU2LThlM2ItNTA0YzQ0OTExMTE2XkEyXkFqcGdeQXVyNjUwMzI2NzU@._V1_SX300.jpg,8.7,tt0038650
The Silence of the Lambs,1991,118 min,"Crime, Drama, Thriller","Jodie Foster, Anthony Hopkins, Lawrence A. Bonney","A young F.B.I. cadet must receive the help of an incarcerated and manipulative cannibal killer to help catch another serial killer, a madman who skins his victims.","English, Latin",https://m.media-amazon.com/images/M/MV5BNjNhZTk0ZmEtNjJhMi00YzFlLWE1MmEtYzM1M2ZmMGMwMTU4XkEyXkFqcGdeQXVyNjU0OTQ0OTY@._V1_SX300.jpg,8.6,tt0102926
Saving Private Ryan,1998,169 min,"Drama, War","Tom Hanks, Matt Damon, Tom Sizemore","Following the Normandy Landings, a group of U.S. soldiers go behind enemy lines to retrieve a paratrooper whose brothers have been killed in action.","English, French, German, Czech",https://m.media-amazon.com/images/M/MV5BZjhkMDM4MWItZTVjOC00ZDRhLThmYTAtM2I5NzBmNmNlMzI1XkEyXkFqcGdeQXVyNDYyMDk5MTU@._V1_SX300.jpg,8.6,tt0120815
City of God,2002,130 min,"Crime, Drama","Alexandre Rodrigues, Leandro Firmino, Matheus Nachtergaele","In the slums of Rio, two kids' paths diverge as one struggles to become a photographer and the other a kingpin.",Portuguese,https://m.media-amazon.com/images/M/MV5BOTMwYjc5ZmItYTFjZC00ZGQ3LTlkNTMtMjZiNTZlMWQzNzI5XkEyXkFqcGdeQXVyNzkwMjQ5NzM@._V1_SX300.jpg,8.6,tt0317248
Life Is Beautiful,1997,116 min,"Comedy, Drama, Romance","Roberto Benigni, Nicoletta Braschi, Giorgio Cantarini","When an open-minded Jewish waiter and his son become victims of the Holocaust, he uses a perfect mixture of will, humor, and imagination to protect his son from the dangers around their camp.","Italian, German, English",https://m.media-amazon.com/images/M/MV5BYmJmM2Q4NmMtYThmNC00ZjRlLWEyZmItZTIwOTBlZDQ3NTQ1XkEyXkFqcGdeQXVyMTQxNzMzNDI@._V1_SX300.jpg,8.6,tt0118799
The Green Mile,1999,189 min,"Crime, Drama, Fantasy","Tom Hanks, Michael Clarke Duncan, David Morse","The lives of guards on Death Row are affected by one of their charges: a black man accused of child murder and rape, yet who has a mysterious gift.","English, French",https://m.media-amazon.com/images/M/MV5BMTUxMzQyNjA5MF5BMl5BanBnXkFtZTYwOTU2NTY3._V1_SX300.jpg,8.6,tt0120689
Star Wars,1977,121 min,"Action, Adventure, Fantasy","Mark Hamill, Harrison Ford, Carrie Fisher","Luke Skywalker joins forces with a Jedi Knight, a cocky pilot, a Wookiee and two droids to save the galaxy from the Empire's world-destroying battle station, while also attempting to rescue Princess Leia from the mysterious Darth Vad",English,https://m.media-amazon.com/images/M/MV5BNzVlY2MwMjktM2E4OS00Y2Y3LWE3ZjctYzhkZGM3YzA1ZWM2XkEyXkFqcGdeQXVyNzkwMjQ5NzM@._V1_SX300.jpg,8.6,tt0076759
Interstellar,2014,169 min,"Adventure, Drama, Sci-Fi","Matthew McConaughey, Anne Hathaway, Jessica Chastain",A team of explorers travel through a wormhole in space in an attempt to ensure humanity's survival.,English,https://m.media-amazon.com/images/M/MV5BZjdkOTU3MDktN2IxOS00OGEyLWFmMjktY2FiMmZkNWIyODZiXkEyXkFqcGdeQXVyMTMxODk2OTU@._V1_SX300.jpg,8.7,tt0816692
Terminator 2: Judgment Day,1991,137 min,"Action, Sci-Fi","Arnold Schwarzenegger, Linda Hamilton, Edward Furlong","A cyborg, identical to the one who failed to kill Sarah Connor, must now protect her ten-year-old son John from a more advanced and powerful cyborg.","English, Spanish",https://m.media-amazon.com/images/M/MV5BMGU2NzRmZjUtOGUxYS00ZjdjLWEwZWItY2NlM2JhNjkxNTFmXkEyXkFqcGdeQXVyNjU0OTQ0OTY@._V1_SX300.jpg,8.6,tt0103064
Back to the Future,1985,116 min,"Adventure, Comedy, Sci-Fi","Michael J. Fox, Christopher Lloyd, Lea Thompson","Marty McFly, a 17-year-old high school student, is accidentally sent thirty years into the past in a time-traveling DeLorean invented by his close friend, the eccentric scientist Doc Brown.",English,https://m.media-amazon.com/images/M/MV5BZmU0M2Y1OGUtZjIxNi00ZjBkLTg1MjgtOWIyNThiZWIwYjRiXkEyXkFqcGdeQXVyMTQxNzMzNDI@._V1_SX300.jpg,8.6,tt0088763
Spirited Away,2001,125 min,"Animation, Adventure, Family","Daveigh Chase, Suzanne Pleshette, Miyu Irino","During her family's move to the suburbs, a sullen 10-year-old girl wanders into a world ruled by gods, witches, and spirits, and where humans are changed into beasts.","Japanese, English",https://m.media-amazon.com/images/M/MV5BMjlmZmI5MDctNDE2YS00YWE0LWE5ZWItZDBhYWQ0NTcxNWRhXkEyXkFqcGdeQXVyMTMxODk2OTU@._V1_SX300.jpg,8.6,tt0245429
Psycho,1960,109 min,"Horror, Mystery, Thriller","Anthony Perkins, Janet Leigh, Vera Miles","A Phoenix secretary embezzles $40,000 from her employer's client, goes on the run, and checks into a remote motel run by a young man under the domination of his mother.",English,https://m.media-amazon.com/images/M/MV5BNTQwNDM1YzItNDAxZC00NWY2LTk0M2UtNDIwNWI5OGUyNWUxXkEyXkFqcGdeQXVyNzkwMjQ5NzM@._V1_SX300.jpg,8.5,tt0054215
The Pianist,2002,150 min,"Biography, Drama, Music","Adrien Brody, Thomas Kretschmann, Frank Finlay",A Polish Jewish musician struggles to survive the destruction of the Warsaw ghetto of World War II.,"English, German, Russian",https://m.media-amazon.com/images/M/MV5BOWRiZDIxZjktMTA1NC00MDQ2LWEzMjUtMTliZmY3NjQ3ODJiXkEyXkFqcGdeQXVyNjU0OTQ0OTY@._V1_SX300.jpg,8.6,tt0253474
Léon: The Professional,1994,110 min,"Action, Crime, Drama","Jean Reno, Gary Oldman, Natalie Portman","12-year-old Mathilda is reluctantly taken in by Léon, a professional assassin, after her family is murdered. An unusual relationship forms as she becomes his protégée and learns the assassin's trade.","English, Italian, French",https://m.media-amazon.com/images/M/MV5BODllNWE0MmEtYjUwZi00ZjY3LThmNmQtZjZlMjI2YTZjYmQ0XkEyXkFqcGdeQXVyNTc1NTQxODI@._V1_SX300.jpg,8.6,tt0110413
Parasite,2019,132 min,"Comedy, Drama, Thriller","Kang-ho Song, Sun-kyun Lee, Yeo-jeong Cho",Greed and class discrimination threaten the newly formed symbiotic relationship between the wealthy Park family and the destitute Kim clan.,"Korean, English",https://m.media-amazon.com/images/M/MV5BYWZjMjk3ZTItODQ2ZC00NTY5LWE0ZDYtZTI3MjcwN2Q5NTVkXkEyXkFqcGdeQXVyODk4OTc3MTY@._V1_SX300.jpg,8.5,tt6751668
The Lion King,1994,88 min,"Animation, Adventure, Drama","Matthew Broderick, Jeremy Irons, James Earl Jones","Lion prince Simba and his father are targeted by his bitter uncle, who wants to ascend the throne himself.","English, Swahili, Xhosa, Zulu",https://m.media-amazon.com/images/M/MV5BYTYxNGMyZTYtMjE3MS00MzNjLWFjNmYtMDk3N2FmM2JiM2M1XkEyXkFqcGdeQXVyNjY5NDU4NzI@._V1_SX300.jpg,8.5,tt0110357
Gladiator,2000,155 min,"Action, Adventure, Drama","Russell Crowe, Joaquin Phoenix, Connie Nielsen",A former Roman General sets out to exact vengeance against the corrupt emperor who murdered his family and sent him into slavery.,English,https://m.media-amazon.com/images/M/MV5BMDliMmNhNDEtODUyOS00MjNlLTgxODEtN2U3NzIxMGVkZTA1L2ltYWdlXkEyXkFqcGdeQXVyNjU0OTQ0OTY@._V1_SX300.jpg,8.5,tt0172495
American History X,1998,119 min,Drama,"Edward Norton, Edward Furlong, Beverly D'Angelo",A former neo-nazi skinhead tries to prevent his younger brother from going down the same wrong path that he did.,English,https://m.media-amazon.com/images/M/MV5BZTJhN2FkYWEtMGI0My00YWM4LWI2MjAtM2UwNjY4MTI2ZTQyXkEyXkFqcGdeQXVyNjc3MjQzNTI@._V1_SX300.jpg,8.5,tt0120586
The Usual Suspects,1995,106 min,"Crime, Drama, Mystery","Kevin Spacey, Gabriel Byrne, Chazz Palminteri","A sole survivor tells of the twisty events leading up to a horrific gun battle on a boat, which began when five criminals met at a seemingly random police lineup.","English, Hungarian, Spanish, French",https://m.media-amazon.com/images/M/MV5BYTViNjMyNmUtNDFkNC00ZDRlLThmMDUtZDU2YWE4NGI2ZjVmXkEyXkFqcGdeQXVyNjU0OTQ0OTY@._V1_SX300.jpg,8.5,tt0114814
The Departed,2006,151 min,"Crime, Drama, Thriller","Leonardo DiCaprio, Matt Damon, Jack Nicholson",An undercover cop and a mole in the police attempt to identify each other while infiltrating an Irish gang in South Boston.,"English, Cantonese",https://m.media-amazon.com/images/M/MV5BMTI1MTY2OTIxNV5BMl5BanBnXkFtZTYwNjQ4NjY3._V1_SX300.jpg,8.5,tt0407887
The Prestige,2006,130 min,"Drama, Mystery, Thriller","Christian Bale, Hugh Jackman, Scarlett Johansson","After a tragic accident, two stage magicians in 1890s London engage in a battle to create the ultimate illusion while sacrificing everything they have to outwit each other.",English,https://m.media-amazon.com/images/M/MV5BMjA4NDI0MTIxNF5BMl5BanBnXkFtZTYwNTM0MzY2._V1_SX300.jpg,8.5,tt0482571
Casablanca,1942,102 min,"Drama, Romance, War","Humphrey Bogart, Ingrid Bergman, Paul Henreid",A cynical expatriate American cafe owner struggles to decide whether or not to help his former lover and her fugitive husband escape the Nazis in French Morocco.,"English, French, German, Italian",https://m.media-amazon.com/images/M/MV5BY2IzZGY2YmEtYzljNS00NTM5LTgwMzUtMzM1NjQ4NGI0OTk0XkEyXkFqcGdeQXVyNDYyMDk5MTU@._V1_SX300.jpg,8.5,tt0034583
Whiplash,2014,106 min,"Drama, Music","Miles Teller, J.K. Simmons, Melissa Benoist",A promising young drummer enrolls at a cut-throat music conservatory where his dreams of greatness are mentored by an instructor who will stop at nothing to realize a student's potential.,English,https://m.media-amazon.com/images/M/MV5BOTA5NDZlZGUtMjAxOS00YTRkLTkwYmMtYWQ0NWEwZDZiNjEzXkEyXkFqcGdeQXVyMTMxODk2OTU@._V1_SX300.jpg,8.5,tt2582802
The Intouchables,2011,112 min,"Biography, Comedy, Drama","François Cluzet, Omar Sy, Anne Le Ny","After he becomes a quadriplegic from a paragliding accident, an aristocrat hires a young man from the projects to be his caregiver.","French, English",https://m.media-amazon.com/images/M/MV5BMTYxNDA3MDQwNl5BMl5BanBnXkFtZTcwNTU4Mzc1Nw@@._V1_SX300.jpg,8.5,tt1675434
Modern Times,1936,87 min,"Comedy, Drama, Romance","Charles Chaplin, Paulette Goddard, Henry Bergman",The Tramp struggles to live in modern industrial society with the help of a young homeless woman.,English,https://m.media-amazon.com/images/M/MV5BYjJiZjMzYzktNjU0NS00OTkxLWEwYzItYzdhYWJjN2QzMTRlL2ltYWdlL2ltYWdlXkEyXkFqcGdeQXVyNjU0OTQ0OTY@._V1_SX300.jpg,8.5,tt0027977
Once Upon a Time in the West,1968,165 min,Western,"Henry Fonda, Charles Bronson, Claudia Cardinale",A mysterious stranger with a harmonica joins forces with a notorious desperado to protect a beautiful widow from a ruthless assassin working for the railroad.,"Italian, English, Spanish",https://m.media-amazon.com/images/M/MV5BZGI5MjBmYzYtMzJhZi00NGI1LTk3MzItYjBjMzcxM2U3MDdiXkEyXkFqcGdeQXVyNzkwMjQ5NzM@._V1_SX300.jpg,8.5,tt0064116
Hara-Kiri,1962,133 min,"Action, Drama, Mystery","Tatsuya Nakadai, Akira Ishihama, Shima Iwashita","When a ronin requesting seppuku at a feudal lord's palace is told of the brutal suicide of another ronin who previously visited, he reveals how their pasts are intertwined - and in doing so challenges the clan's integrity.",Japanese,https://m.media-amazon.com/images/M/MV5BYjBmYTQ1NjItZWU5MS00YjI0LTg2OTYtYmFkN2JkMmNiNWVkXkEyXkFqcGdeQXVyMTMxMTY0OTQ@._V1_SX300.jpg,8.6,tt0056058
Grave of the Fireflies,1988,89 min,"Animation, Drama, War","Tsutomu Tatsumi, Ayano Shiraishi, Akemi Yamaguchi",A young boy and his little sister struggle to survive in Japan during World War II.,Japanese,https://m.media-amazon.com/images/M/MV5BZmY2NjUzNDQtNTgxNC00M2Q4LTljOWQtMjNjNDBjNWUxNmJlXkEyXkFqcGdeQXVyNTA4NzY1MzY@._V1_SX300.jpg,8.5,tt0095327
Alien,1979,117 min,"Horror, Sci-Fi","Sigourney Weaver, Tom Skerritt, John Hurt",The crew of a commercial spacecraft encounter a deadly lifeform after investigating an unknown transmission.,English,https://m.media-amazon.com/images/M/MV5BMmQ2MmU3NzktZjAxOC00ZDZhLTk4YzEtMDMyMzcxY2IwMDAyXkEyXkFqcGdeQXVyNzkwMjQ5NzM@._V1_SX300.jpg,8.5,tt0078748
Rear Window,1954,112 min,"Mystery, Thriller","James Stewart, Grace Kelly, Wendell Corey","A wheelchair-bound photographer spies on his neighbors from his Greenwich Village courtyard apartment window, and becomes convinced one of them has committed murder, despite the skepticism of his fashion-model girlfriend.",English,https://m.media-amazon.com/images/M/MV5BNGUxYWM3M2MtMGM3Mi00ZmRiLWE0NGQtZjE5ODI2OTJhNTU0XkEyXkFqcGdeQXVyMTQxNzMzNDI@._V1_SX300.jpg,8.5,tt0047396
City Lights,1931,87 min,"Comedy, Drama, Romance","Charles Chaplin, Virginia Cherrill, Florence Lee","With the aid of a wealthy erratic tippler, a dewy-eyed tramp who has fallen in love with a sightless flower girl accumulates money to be able to help her medically.","None, English",https://m.media-amazon.com/images/M/MV5BY2I4MmM1N2EtM2YzOS00OWUzLTkzYzctNDc5NDg2N2IyODJmXkEyXkFqcGdeQXVyNzkwMjQ5NzM@._V1_SX300.jpg,8.5,tt0021749
Memento,2000,113 min,"Mystery, Thriller","Guy Pearce, Carrie-Anne Moss, Joe Pantoliano",A man with short-term memory loss attempts to track down his wife's murderer.,English,https://m.media-amazon.com/images/M/MV5BZTcyNjk1MjgtOWI3Mi00YzQwLWI5MTktMzY4ZmI2NDAyNzYzXkEyXkFqcGdeQXVyNjU0OTQ0OTY@._V1_SX300.jpg,8.5,tt0209144
Cinema Paradiso,1988,155 min,"Drama, Romance","Philippe Noiret, Enzo Cannavale, Antonella Attili",A filmmaker recalls his childhood when falling in love with the pictures at the cinema of his home village and forms a deep friendship with the cinema's projectionist.,Italian,https://m.media-amazon.com/images/M/MV5BM2FhYjEyYmYtMDI1Yy00YTdlLWI2NWQtYmEzNzAxOGY1NjY2XkEyXkFqcGdeQXVyNTA3NTIyNDg@._V1_SX300.jpg,8.5,tt0095765
Apocalypse Now,1979,147 min,"Drama, Mystery, War","Martin Sheen, Marlon Brando, Robert Duvall",A U.S. Army officer serving in Vietnam is tasked with assassinating a renegade Special Forces Colonel who sees himself as a god.,"English, French, Vietnamese",https://m.media-amazon.com/images/M/MV5BMDdhODg0MjYtYzBiOS00ZmI5LWEwZGYtZDEyNDU4MmQyNzFkXkEyXkFqcGdeQXVyNzkwMjQ5NzM@._V1_SX300.jpg,8.5,tt0078788
Indiana Jones and the Raiders of the Lost Ark,1981,115 min,"Action, Adventure","Harrison Ford, Karen Allen, Paul Freeman","In 1936, archaeologist and adventurer Indiana Jones is hired by the U.S. government to find the Ark of the Covenant before Adolf Hitler's Nazis can obtain its awesome powers.","English, German, Hebrew, Spanish, Arabic, Nepali",https://m.media-amazon.com/images/M/MV5BMjA0ODEzMTc1Nl5BMl5BanBnXkFtZTcwODM2MjAxNA@@._V1_SX300.jpg,8.4,tt0082971
Django Unchained,2012,165 min,"Drama, Western","Jamie Foxx, Christoph Waltz, Leonardo DiCaprio","With the help of a German bounty-hunter, a freed slave sets out to rescue his wife from a brutal plantation-owner in Mississippi.","English, German, French, Italian",https://m.media-amazon.com/images/M/MV5BMjIyNTQ5NjQ1OV5BMl5BanBnXkFtZTcwODg1MDU4OA@@._V1_SX300.jpg,8.4,tt1853728
WALL·E,2008,98 min,"Animation, Adventure, Family","Ben Burtt, Elissa Knight, Jeff Garlin","In the distant future, a small waste-collecting robot inadvertently embarks on a space journey that will ultimately decide the fate of mankind.","English, Hindi",https://m.media-amazon.com/images/M/MV5BMjExMTg5OTU0NF5BMl5BanBnXkFtZTcwMjMxMzMzMw@@._V1_SX300.jpg,8.4,tt0910970
The Lives of Others,2006,137 min,"Drama, Mystery, Thriller","Ulrich Mühe, Martina Gedeck, Sebastian Koch","In 1984 East Berlin, an agent of the secret police, conducting surveillance on a writer and his lover, finds himself becoming increasingly absorbed by their lives.",German,https://m.media-amazon.com/images/M/MV5BOTQyZGFjNWMtYWFiYy00OWU1LTlhMjAtYTBiNmU5NjJiNTAzXkEyXkFqcGdeQXVyMTI3ODAyMzE2._V1_SX300.jpg,8.4,tt0405094
Sunset Blvd.,1950,110 min,"Drama, Film-Noir","William Holden, Gloria Swanson, Erich von Stroheim",A screenwriter develops a dangerous relationship with a faded film star determined to make a triumphant return.,English,https://m.media-amazon.com/images/M/MV5BMTU0NTkyNzYwMF5BMl5BanBnXkFtZTgwMDU0NDk5MTI@._V1_SX300.jpg,8.4,tt0043014
The Shining,1980,146 min,"Drama, Horror","Jack Nicholson, Shelley Duvall, Danny Lloyd","A family heads to an isolated hotel for the winter where a sinister presence influences the father into violence, while his psychic son sees horrific forebodings from both past and future.",English,https://m.media-amazon.com/images/M/MV5BZWFlYmY2MGEtZjVkYS00YzU4LTg0YjQtYzY1ZGE3NTA5NGQxXkEyXkFqcGdeQXVyMTQxNzMzNDI@._V1_SX300.jpg,8.4,tt0081505
Paths of Glory,1957,88 min,"Drama, War","Kirk Douglas, Ralph Meeker, Adolphe Menjou","After refusing to attack an enemy position, a general accuses the soldiers of cowardice and their commanding officer must defend them.","English, German, Latin",https://m.media-amazon.com/images/M/MV5BNjViMmRkOTEtM2ViOS00ODg0LWJhYWEtNTBlOGQxNDczOGY3XkEyXkFqcGdeQXVyMDI2NDg0NQ@@._V1_SX300.jpg,8.4,tt0050825
The Great Dictator,1940,125 min,"Comedy, Drama, War","Charles Chaplin, Paulette Goddard, Jack Oakie",Dictator Adenoid Hynkel tries to expand his empire while a poor Jewish barber tries to avoid persecution from Hynkel's regime.,"English, Esperanto, Latin",https://m.media-amazon.com/images/M/MV5BMmExYWJjNTktNGUyZS00ODhmLTkxYzAtNWIzOGEyMGNiMmUwXkEyXkFqcGdeQXVyNjU0OTQ0OTY@._V1_SX300.jpg,8.4,tt0032553
Avengers: Infinity War,2018,149 min,"Action, Adventure, Sci-Fi","Robert Downey Jr., Chris Hemsworth, Mark Ruffalo",The Avengers and their allies must be willing to sacrifice all in an attempt to defeat the powerful Thanos before his blitz of devastation and ruin puts an end to the universe.,English,https://m.media-amazon.com/images/M/MV5BMjMxNjY2MDU1OV5BMl5BanBnXkFtZTgwNzY1MTUwNTM@._V1_SX300.jpg,8.4,tt4154756
Witness for the Prosecution,1957,116 min,"Crime, Drama, Mystery","Tyrone Power, Marlene Dietrich, Charles Laughton",A veteran British barrister must defend his client in a murder trial that has surprise after surprise.,"English, German",https://m.media-amazon.com/images/M/MV5BNDQwODU5OWYtNDcyNi00MDQ1LThiOGMtZDkwNWJiM2Y3MDg0XkEyXkFqcGdeQXVyMDI2NDg0NQ@@._V1_SX300.jpg,8.4,tt0051201
Aliens,1986,137 min,"Action, Adventure, Sci-Fi","Sigourney Weaver, Michael Biehn, Carrie Henn","Fifty-seven years after surviving an apocalyptic attack aboard her space vessel by merciless space creatures, Officer Ripley awakens from hyper-sleep and tries to warn anyone who will listen about the predators.",English,https://m.media-amazon.com/images/M/MV5BZGU2OGY5ZTYtMWNhYy00NjZiLWI0NjUtZmNhY2JhNDRmODU3XkEyXkFqcGdeQXVyNzkwMjQ5NzM@._V1_SX300.jpg,8.4,tt0090605
American Beauty,1999,122 min,Drama,"Kevin Spacey, Annette Bening, Thora Birch",A sexually frustrated suburban father has a mid-life crisis after becoming infatuated with his daughter's best friend.,English,https://m.media-amazon.com/images/M/MV5BNTBmZWJkNjctNDhiNC00MGE2LWEwOTctZTk5OGVhMWMyNmVhXkEyXkFqcGdeQXVyMTMxODk2OTU@._V1_SX300.jpg,8.4,tt0169547
The Dark Knight Rises,2012,164 min,"Action, Crime, Drama","Christian Bale, Tom Hardy, Anne Hathaway","Eight years after the Joker's reign of anarchy, Batman, with the help of the enigmatic Catwoman, is forced from his exile to save Gotham City from the brutal guerrilla terrorist Bane.","English, Arabic",https://m.media-amazon.com/images/M/MV5BMTk4ODQzNDY3Ml5BMl5BanBnXkFtZTcwODA0NTM4Nw@@._V1_SX300.jpg,8.4,tt1345836
Dr. Strangelove or: How I Learned to Stop Worrying and Love the Bomb,1964,95 min,"Comedy, War","Peter Sellers, George C. Scott, Sterling Hayden","An insane American general orders a bombing attack on the Soviet Union, triggering a path to nuclear holocaust that a war room full of politicians and generals frantically tries to stop.","English, Russian",https://m.media-amazon.com/images/M/MV5BZWI3ZTMxNjctMjdlNS00NmUwLWFiM2YtZDUyY2I3N2MxYTE0XkEyXkFqcGdeQXVyNzkwMjQ5NzM@._V1_SX300.jpg,8.4,tt0057012
Spider-Man: Into the Spider-Verse,2018,117 min,"Animation, Action, Adventure","Shameik Moore, Jake Johnson, Hailee Steinfeld","Teen Miles Morales becomes the Spider-Man of his universe, and must join with five spider-powered individuals from other dimensions to stop a threat for all realities.","English, Spanish",https://m.media-amazon.com/images/M/MV5BMjMwNDkxMTgzOF5BMl5BanBnXkFtZTgwNTkwNTQ3NjM@._V1_SX300.jpg,8.4,tt4633694
Joker,2019,122 min,"Crime, Drama, Thriller","Joaquin Phoenix, Robert De Niro, Zazie Beetz","In Gotham City, mentally troubled comedian Arthur Fleck is disregarded and mistreated by society. He then embarks on a downward spiral of revolution and bloody crime. This path brings him face-to-face with his alter-ego: the Joker.",English,https://m.media-amazon.com/images/M/MV5BNGVjNWI4ZGUtNzE0MS00YTJmLWE0ZDctN2ZiYTk2YmI3NTYyXkEyXkFqcGdeQXVyMTkxNjUyNQ@@._V1_SX300.jpg,8.4,tt7286456
Old Boy,2003,120 min,"Action, Drama, Mystery","Choi Min-sik, Yoo Ji-Tae, Kang Hye-jeong","After being kidnapped and imprisoned for fifteen years, Oh Dae-Su is released, only to find that he must find his captor in five days.",Korean,https://m.media-amazon.com/images/M/MV5BMTI3NTQyMzU5M15BMl5BanBnXkFtZTcwMTM2MjgyMQ@@._V1_SX300.jpg,8.4,tt0364569
Braveheart,1995,178 min,"Biography, Drama, History","Mel Gibson, Sophie Marceau, Patrick McGoohan",Scottish warrior William Wallace leads his countrymen in a rebellion to free his homeland from the tyranny of King Edward I of England.,"English, French, Latin, Gaelic, Italian",https://m.media-amazon.com/images/M/MV5BMzkzMmU0YTYtOWM3My00YzBmLWI0YzctOGYyNTkwMWE5MTJkXkEyXkFqcGdeQXVyNzkwMjQ5NzM@._V1_SX300.jpg,8.4,tt0112573
Toy Story,1995,81 min,"Animation, Adventure, Comedy","Tom Hanks, Tim Allen, Don Rickles",A cowboy doll is profoundly threatened and jealous when a new spaceman figure supplants him as top toy in a boy's room.,English,https://m.media-amazon.com/images/M/MV5BMDU2ZWJlMjktMTRhMy00ZTA5LWEzNDgtYmNmZTEwZTViZWJkXkEyXkFqcGdeQXVyNDQ2OTk4MzI@._V1_SX300.jpg,8.3,tt0114709
Amadeus,1984,160 min,"Biography, Drama, Music","F. Murray Abraham, Tom Hulce, Elizabeth Berridge","The life, success and troubles of Wolfgang Amadeus Mozart, as told by Antonio Salieri, the contemporaneous composer who was insanely jealous of Mozart's talent and claimed to have murdered him.","English, Italian, Latin, German",https://m.media-amazon.com/images/M/MV5BNWJlNzUzNGMtYTAwMS00ZjI2LWFmNWQtODcxNWUxODA5YmU1XkEyXkFqcGdeQXVyNTIzOTk5ODM@._V1_SX300.jpg,8.4,tt0086879
Coco,2017,105 min,"Animation, Adventure, Comedy","Anthony Gonzalez, Gael García Bernal, Benjamin Bratt","Aspiring musician Miguel, confronted with his family's ancestral ban on music, enters the Land of the Dead to find his great-great-grandfather, a legendary singer.","English, Spanish",https://m.media-amazon.com/images/M/MV5BYjQ5NjM0Y2YtNjZkNC00ZDhkLWJjMWItN2QyNzFkMDE3ZjAxXkEyXkFqcGdeQXVyODIxMzk5NjA@._V1_SX300.jpg,8.4,tt2380307
Spider-Man: No Way Home,2021,148 min,"Action, Adventure, Fantasy","Tom Holland, Zendaya, Benedict Cumberbatch","With Spider-Man's identity now revealed, Peter asks Doctor Strange for help. When a spell goes wrong, dangerous foes from other worlds start to appear, forcing Peter to discover what it truly means to be Spider-Man.",English,https://m.media-amazon.com/images/M/MV5BZWMyYzFjYTYtNTRjYi00OGExLWE2YzgtOGRmYjAxZTU3NzBiXkEyXkFqcGdeQXVyMzQ0MzA0NTM@._V1_SX300.jpg,8.5,tt10872600
Inglourious Basterds,2009,153 min,"Adventure, Drama, War","Brad Pitt, Diane Kruger, Eli Roth","In Nazi-occupied France during World War II, a plan to assassinate Nazi leaders by a group of Jewish U.S. soldiers coincides with a theatre owner's vengeful plans for the same.","English, German, French, Italian",https://m.media-amazon.com/images/M/MV5BOTJiNDEzOWYtMTVjOC00ZjlmLWE0NGMtZmE1OWVmZDQ2OWJhXkEyXkFqcGdeQXVyNTIzOTk5ODM@._V1_SX300.jpg,8.3,tt0361748
The Boat,1981,149 min,"Drama, War","Jürgen Prochnow, Herbert Grönemeyer, Klaus Wennemann","The claustrophobic world of a WWII German U-boat; boredom, filth and sheer terror.",German,https://m.media-amazon.com/images/M/MV5BOGZhZDIzNWMtNjkxMS00MDQ1LThkMTYtZWQzYWU3MWMxMGU5XkEyXkFqcGdeQXVyNjc1NTYyMjg@._V1_SX300.jpg,8.4,tt0082096
Avengers: Endgame,2019,181 min,"Action, Adventure, Drama","Robert Downey Jr., Chris Evans, Mark Ruffalo","After the devastating events of Avengers: Infinity War (2018), the universe is in ruins. With the help of remaining allies, the Avengers assemble once more in order to reverse Thanos' actions and restore balance to the universe.","English, Japanese, Xhosa, German",https://m.media-amazon.com/images/M/MV5BMTc5MDE2ODcwNV5BMl5BanBnXkFtZTgwMzI2NzQ2NzM@._V1_SX300.jpg,8.4,tt4154796
Princess Mononoke,1997,134 min,"Animation, Action, Adventure","Yôji Matsuda, Yuriko Ishida, Yûko Tanaka","On a journey to find the cure for a Tatarigami's curse, Ashitaka finds himself in the middle of a war between the forest gods and Tatara, a mining colony. In this quest he also meets San, the Mononoke Hime.",Japanese,https://m.media-amazon.com/images/M/MV5BNGIzY2IzODQtNThmMi00ZDE4LWI5YzAtNzNlZTM1ZjYyYjUyXkEyXkFqcGdeQXVyODEzNjM5OTQ@._V1_SX300.jpg,8.4,tt0119698
Once Upon a Time in America,1984,229 min,"Crime, Drama","Robert De Niro, James Woods, Elizabeth McGovern","A former Prohibition-era Jewish gangster returns to the Lower East Side of Manhattan 35 years later, where he must once again confront the ghosts and regrets of his old life.","English, Italian, French, Yiddish, Hebrew",https://m.media-amazon.com/images/M/MV5BMGFkNWI4MTMtNGQ0OC00MWVmLTk3MTktOGYxN2Y2YWVkZWE2XkEyXkFqcGdeQXVyNjU0OTQ0OTY@._V1_SX300.jpg,8.4,tt0087843
Good Will Hunting,1997,126 min,"Drama, Romance","Robin Williams, Matt Damon, Ben Affleck","Will Hunting, a janitor at M.I.T., has a gift for mathematics, but needs help from a psychologist to find direction in his life.",English,https://m.media-amazon.com/images/M/MV5BOTI0MzcxMTYtZDVkMy00NjY1LTgyMTYtZmUxN2M3NmQ2NWJhXkEyXkFqcGdeQXVyMTQxNzMzNDI@._V1_SX300.jpg,8.3,tt0119217
Toy Story 3,2010,103 min,"Animation, Adventure, Comedy","Tom Hanks, Tim Allen, Joan Cusack","The toys are mistakenly delivered to a day-care center instead of the attic right before Andy leaves for college, and it's up to Woody to convince the other toys that they weren't abandoned and to return home.","English, Spanish",https://m.media-amazon.com/images/M/MV5BMTgxOTY4Mjc0MF5BMl5BanBnXkFtZTcwNTA4MDQyMw@@._V1_SX300.jpg,8.3,tt0435761
Requiem for a Dream,2000,102 min,Drama,"Ellen Burstyn, Jared Leto, Jennifer Connelly",The drug-induced utopias of four Coney Island people are shattered when their addictions run deep.,English,https://m.media-amazon.com/images/M/MV5BOTdiNzJlOWUtNWMwNS00NmFlLWI0YTEtZmI3YjIzZWUyY2Y3XkEyXkFqcGdeQXVyNjU0OTQ0OTY@._V1_SX300.jpg,8.3,tt0180093
3 Idiots,2009,170 min,"Comedy, Drama","Aamir Khan, Madhavan, Mona Singh","Two friends are searching for their long lost companion. They revisit their college days and recall the memories of their friend who inspired them to think differently, even as the rest of the world called them ""idiots"".","Hindi, English",https://m.media-amazon.com/images/M/MV5BNTkyOGVjMGEtNmQzZi00NzFlLTlhOWQtODYyMDc2ZGJmYzFhXkEyXkFqcGdeQXVyNjU0OTQ0OTY@._V1_SX300.jpg,8.5,tt1187043
Your Name.,2016,106 min,"Animation, Drama, Fantasy","Ryûnosuke Kamiki, Mone Kamishiraishi, Ryô Narita","Two strangers find themselves linked in a bizarre way. When a connection forms, will distance be the only thing to keep them apart?",Japanese,https://m.media-amazon.com/images/M/MV5BODRmZDVmNzUtZDA4ZC00NjhkLWI2M2UtN2M0ZDIzNDcxYThjL2ltYWdlXkEyXkFqcGdeQXVyNTk0MzMzODA@._V1_SX300.jpg,8.4,tt5311514
Singin' in the Rain,1952,103 min,"Comedy, Musical, Romance","Gene Kelly, Donald O'Connor, Debbie Reynolds",A silent film star falls for a chorus girl just as he and his delusionally jealous screen partner are trying to make the difficult transition to talking pictures in 1920s Hollywood.,English,https://m.media-amazon.com/images/M/MV5BZDRjNGViMjQtOThlMi00MTA3LThkYzQtNzJkYjBkMGE0YzE1XkEyXkFqcGdeQXVyNDYyMDk5MTU@._V1_SX300.jpg,8.3,tt0045152
Star Wars: Episode VI - Return of the Jedi,1983,131 min,"Action, Adventure, Fantasy","Mark Hamill, Harrison Ford, Carrie Fisher","After a daring mission to rescue Han Solo from Jabba the Hutt, the Rebels dispatch to Endor to destroy the second Death Star. Meanwhile, Luke struggles to help Darth Vader back from the dark side without falling into the Emperor's tr",English,https://m.media-amazon.com/images/M/MV5BOWZlMjFiYzgtMTUzNC00Y2IzLTk1NTMtZmNhMTczNTk0ODk1XkEyXkFqcGdeQXVyNTAyODkwOQ@@._V1_SX300.jpg,8.3,tt0086190
Reservoir Dogs,1992,99 min,"Crime, Drama, Thriller","Harvey Keitel, Tim Roth, Michael Madsen","When a simple jewelry heist goes horribly wrong, the surviving criminals begin to suspect that one of them is a police informant.",English,https://m.media-amazon.com/images/M/MV5BZmExNmEwYWItYmQzOS00YjA5LTk2MjktZjEyZDE1Y2QxNjA1XkEyXkFqcGdeQXVyMTQxNzMzNDI@._V1_SX300.jpg,8.3,tt0105236
Eternal Sunshine of the Spotless Mind,2004,108 min,"Drama, Romance, Sci-Fi","Jim Carrey, Kate Winslet, Tom Wilkinson","When their relationship turns sour, a couple undergoes a medical procedure to have each other erased from their memories.",English,https://m.media-amazon.com/images/M/MV5BMTY4NzcwODg3Nl5BMl5BanBnXkFtZTcwNTEwOTMyMw@@._V1_SX300.jpg,8.3,tt0338013
2001: A Space Odyssey,1968,149 min,"Adventure, Sci-Fi","Keir Dullea, Gary Lockwood, William Sylvester","The Monoliths push humanity to reach for the stars; after their discovery in Africa generations ago, the mysterious objects lead mankind on an awesome journey to Jupiter, with the help of H.A.L. 9000: the world's greatest supercomput","English, Russian, French",https://m.media-amazon.com/images/M/MV5BMmNlYzRiNDctZWNhMi00MzI4LThkZTctMTUzMmZkMmFmNThmXkEyXkFqcGdeQXVyNzkwMjQ5NzM@._V1_SX300.jpg,8.3,tt0062622
High and Low,1963,143 min,"Crime, Drama, Mystery","Toshirô Mifune, Yutaka Sada, Tatsuya Nakadai",An executive of a Yokohama shoe company becomes a victim of extortion when his chauffeur's son is kidnapped by mistake and held for ransom.,Japanese,https://m.media-amazon.com/images/M/MV5BOTI4NTNhZDMtMWNkZi00MTRmLWJmZDQtMmJkMGVmZTEzODlhXkEyXkFqcGdeQXVyNjc1NTYyMjg@._V1_SX300.jpg,8.4,tt0057565
Citizen Kane,1941,119 min,"Drama, Mystery","Orson Welles, Joseph Cotten, Dorothy Comingore","Following the death of publishing tycoon Charles Foster Kane, reporters scramble to uncover the meaning of his final utterance; 'Rosebud'.","English, Italian",https://m.media-amazon.com/images/M/MV5BYjBiOTYxZWItMzdiZi00NjlkLWIzZTYtYmFhZjhiMTljOTdkXkEyXkFqcGdeQXVyNzkwMjQ5NzM@._V1_SX300.jpg,8.3,tt0033467
Lawrence of Arabia,1962,218 min,"Adventure, Biography, Drama","Peter O'Toole, Alec Guinness, Anthony Quinn","The story of T.E. Lawrence, the English officer who successfully united and led the diverse, often warring, Arab tribes during World War I in order to fight the Turks.","English, Arabic, Turkish",https://m.media-amazon.com/images/M/MV5BYWY5ZjhjNGYtZmI2Ny00ODM0LWFkNzgtZmI1YzA2N2MxMzA0XkEyXkFqcGdeQXVyNjUwNzk3NDc@._V1_SX300.jpg,8.3,tt0056172
Capernaum,2018,126 min,Drama,"Zain Al Rafeea, Yordanos Shiferaw, Boluwatife Treasure Bankole","While serving a five-year sentence for a violent crime, a 12-year-old boy sues his parents for neglect.","Arabic, Amharic",https://m.media-amazon.com/images/M/MV5BMmExNzU2ZWMtYzUwYi00YmM2LTkxZTQtNmVhNjY0NTMyMWI2XkEyXkFqcGdeQXVyMTMxODk2OTU@._V1_SX300.jpg,8.4,tt8267604
M,1931,99 min,"Crime, Mystery, Thriller","Peter Lorre, Ellen Widmann, Inge Landgut","When the police in a German city are unable to catch a child-murderer, other criminals join in the manhunt.",German,https://m.media-amazon.com/images/M/MV5BODA4ODk3OTEzMF5BMl5BanBnXkFtZTgwMTQ2ODMwMzE@._V1_SX300.jpg,8.3,tt0022100
North by Northwest,1959,136 min,"Adventure, Mystery, Thriller","Cary Grant, Eva Marie Saint, James Mason","A New York City advertising executive goes on the run after being mistaken for a government agent by a group of foreign spies, and falls for a woman whose loyalties he begins to doubt.","English, French",https://m.media-amazon.com/images/M/MV5BZDA3NDExMTUtMDlhOC00MmQ5LWExZGUtYmI1NGVlZWI4OWNiXkEyXkFqcGdeQXVyNjc1NTYyMjg@._V1_SX300.jpg,8.3,tt0053125
The Hunt,2012,115 min,Drama,"Mads Mikkelsen, Thomas Bo Larsen, Annika Wedderkopp","A teacher lives a lonely life, all the while struggling over his son's custody. His life slowly gets better as he finds love and receives good news from his son, but his new luck is about to be brutally shattered by an innocent littl","Danish, English, Polish",https://m.media-amazon.com/images/M/MV5BMTg2NDg3ODg4NF5BMl5BanBnXkFtZTcwNzk3NTc3Nw@@._V1_SX300.jpg,8.3,tt2106476
Vertigo,1958,128 min,"Mystery, Romance, Thriller","James Stewart, Kim Novak, Barbara Bel Geddes","A former San Francisco police detective juggles wrestling with his personal demons and becoming obsessed with the hauntingly beautiful woman he has been hired to trail, who may be deeply disturbed.",English,https://m.media-amazon.com/images/M/MV5BYTE4ODEwZDUtNDFjOC00NjAxLWEzYTQtYTI1NGVmZmFlNjdiL2ltYWdlL2ltYWdlXkEyXkFqcGdeQXVyNjc1NTYyMjg@._V1_SX300.jpg,8.3,tt0052357
Amélie,2001,122 min,"Comedy, Romance","Audrey Tautou, Mathieu Kassovitz, Rufus","Amélie is an innocent and naive girl in Paris with her own sense of justice. She decides to help those around her and, along the way, discovers love.","French, Russian, English",https://m.media-amazon.com/images/M/MV5BNDg4NjM1YjMtYmNhZC00MjM0LWFiZmYtNGY1YjA3MzZmODc5XkEyXkFqcGdeQXVyNDk3NzU2MTQ@._V1_SX300.jpg,8.3,tt0211915
